work	tax	HasProperty
lot	place	IsA
soup	meal	PartOf
bed	fun	HasProperty
toy	plastic	MadeOf
record	tape	Antonym
rain	water	HasProperty
crowd	nobody	Antonym
bird	girl	Synonym
work	recreation	Antonym
world	everything	IsA
gas	poison	IsA
closet	wood	MadeOf
chair	cushion	HasA
part	piece	Synonym
sofa	chair	IsA
car	horn	HasA
house	bathroom	HasA
column	shape	IsA
side	house	PartOf
rain	snow	Antonym
instrument	device	IsA
labor	class	IsA
fish	bone	HasA
peace	order	IsA
payment	money	Antonym
coffee	bean	MadeOf
gold	value	HasA
fire	tool	IsA
north	south	Antonym
floor	level	HasProperty
bus	coach	Synonym
article	piece	IsA
birth	death	Antonym
nobody	everyone	Antonym
bike	sport	IsA
statement	report	Synonym
chocolate	dessert	IsA
wall	room	PartOf
music	speech	Antonym
album	disk	Synonym
plant	flower	HasA
court	government	IsA
test	trial	Synonym
pleasure	satisfaction	Synonym
pit	cavity	Synonym
game	reality	Antonym
skin	body	PartOf
chair	stool	IsA
cake	sugar	MadeOf
chocolate	candy	IsA
bark	trunk	PartOf
forest	desert	Antonym
rooster	chicken	HasProperty
plate	china	MadeOf
book	text	IsA
point	knife	PartOf
everyone	bone	HasA
shadow	light	Antonym
heart	game	IsA
bill	number	HasA
idol	pagan	Synonym
text	word	HasA
boot	trunk	Synonym
continent	country	MadeOf
water	oxygen	MadeOf
cat	bone	HasA
brain	body	PartOf
ball	fun	HasProperty
world	universe	PartOf
respect	emotion	IsA
pupil	eye	PartOf
terminal	port	IsA
mineral	vegetable	Antonym
language	communication	IsA
magazine	album	IsA
music	entertainment	PartOf
child	family	PartOf
wing	insect	PartOf
art	creation	IsA
triangle	metal	MadeOf
gas	fluid	Antonym
solution	success	IsA
baby	man	Antonym
everybody	dream	HasA
book	magazine	Antonym
sea	water	MadeOf
fence	sport	IsA
sound	energy	IsA
union	place	IsA
animal	bone	HasA
eye	hole	IsA
birthday	fun	HasProperty
day	morning	Antonym
pipe	metal	MadeOf
yard	landscape	HasProperty
disease	illness	HasProperty
knowledge	enlightenment	Synonym
roof	ceiling	Synonym
butterfly	wing	HasA
pet	fun	HasProperty
stair	elevator	Antonym
map	information	HasA
crown	hat	IsA
smile	service	PartOf
sheep	flock	PartOf
bull	horn	HasA
education	civilization	PartOf
apple	core	PartOf
gear	automobile	PartOf
toilet	bathroom	Synonym
division	separation	IsA
machine	steel	MadeOf
flesh	meat	MadeOf
shadow	shade	IsA
game	work	Antonym
captain	team	PartOf
house	lawn	HasA
bell	metal	MadeOf
column	beam	IsA
capital	town	Antonym
lady	male	Antonym
faith	belief	Synonym
republican	politician	IsA
fish	scale	HasA
crime	business	IsA
bowl	sport	IsA
string	line	Synonym
work	energy	IsA
bottle	courage	Synonym
alto	pitch	IsA
chicken	feather	HasA
integrity	honesty	IsA
child	offspring	Synonym
temple	head	PartOf
order	family	Synonym
fog	weather	PartOf
nation	community	Synonym
tape	record	Synonym
death	life	PartOf
freedom	value	IsA
nail	screw	Synonym
chicken	bull	Antonym
bottle	beer	HasA
knife	steel	MadeOf
castle	game	IsA
bill	note	Synonym
cow	horse	Antonym
person	nobody	Antonym
chocolate	food	IsA
sport	exercise	IsA
team	person	MadeOf
floor	hallway	PartOf
motorcycle	metal	MadeOf
nose	head	PartOf
bowl	action	IsA
trumpet	brass	MadeOf
yard	place	IsA
male	boy	Synonym
machine	labor	Antonym
record	fact	IsA
choice	range	Synonym
chest	box	Synonym
cabinet	metal	MadeOf
ice	water	IsA
moon	place	IsA
china	state	IsA
closet	place	IsA
library	place	IsA
water	drink	IsA
relief	aid	IsA
comfort	condition	IsA
stair	step	Synonym
steak	food	IsA
rock	crystal	HasA
song	sound	IsA
market	business	IsA
society	club	IsA
heart	emotion	Synonym
bottle	store	IsA
shade	shadow	Synonym
pipe	cigarette	Antonym
tv	metal	MadeOf
instrument	device	Synonym
supermarket	food	HasA
brook	stream	Synonym
cup	glass	MadeOf
neck	body	PartOf
room	door	HasA
worm	animal	IsA
department	company	Antonym
water	weight	HasA
noise	sound	Synonym
mercury	metal	IsA
prince	person	IsA
village	country	PartOf
faith	religion	Synonym
mind	idea	Synonym
seed	plant	PartOf
queen	person	IsA
statue	metal	MadeOf
ocean	salt	HasA
life	memory	MadeOf
earth	world	Synonym
cap	lid	Synonym
church	altar	HasA
car	wheel	HasA
light	energy	IsA
box	something	HasA
hand	aid	IsA
point	pin	PartOf
cancer	disease	IsA
letter	word	PartOf
child	parent	HasA
son	male	IsA
butter	food	IsA
test	work	Antonym
imagination	mind	PartOf
man	female	Antonym
gun	war	PartOf
aluminium	tin	Antonym
hero	character	IsA
article	document	PartOf
tea	food	IsA
war	violence	HasA
civilization	culture	Synonym
steel	iron	HasA
bathroom	ceiling	HasA
goal	content	IsA
movement	clock	PartOf
hero	leader	IsA
flesh	apple	PartOf
computer	furniture	IsA
lid	box	PartOf
plane	person	HasA
box	case	Synonym
index	text	PartOf
circle	triangle	Antonym
score	number	IsA
couch	bed	IsA
spike	nail	Synonym
plant	organism	IsA
frame	bed	PartOf
heart	core	Synonym
labor	work	Synonym
seed	grape	PartOf
animal	fur	HasA
newspaper	fun	HasProperty
control	experiment	IsA
planet	size	HasA
book	literature	IsA
power	muscle	Synonym
aisle	passageway	IsA
mammal	animal	IsA
newspaper	paper	Synonym
race	time	HasProperty
bedroom	chair	HasA
garden	lawn	HasA
iron	metal	IsA
edge	fabric	PartOf
order	direction	Synonym
child	kid	HasProperty
farm	organization	IsA
card	record	IsA
person	individual	IsA
john	boy	Synonym
candy	food	IsA
rice	potato	Antonym
mouth	jar	PartOf
diamond	material	IsA
report	document	IsA
question	problem	Synonym
chip	computer	PartOf
pig	policeman	Synonym
accident	purpose	Antonym
puff	smoke	PartOf
doll	fun	HasProperty
cow	adult	IsA
house	door	HasA
cake	ingredient	MadeOf
adult	person	IsA
comfort	pleasure	IsA
type	tribe	Synonym
garden	home	Antonym
continent	country	Antonym
blood	body	PartOf
soap	water	Antonym
police	government	PartOf
bowl	clay	MadeOf
animal	body	HasA
order	society	Synonym
father	leader	IsA
mountain	fun	HasProperty
hall	place	IsA
plant	meat	Antonym
mind	reason	Synonym
chip	robot	PartOf
word	statement	IsA
control	power	IsA
oxygen	atmosphere	PartOf
cloud	change	IsA
state	place	IsA
organ	instrument	IsA
city	state	Antonym
harvest	plant	Antonym
party	event	IsA
child	mammal	IsA
button	knob	Synonym
hand	cell	MadeOf
separation	division	Synonym
bedroom	bathroom	Antonym
language	phrase	Synonym
pool	pond	Synonym
crash	change	IsA
floor	room	PartOf
lip	mouth	PartOf
bark	noise	IsA
horn	bull	PartOf
coward	hero	Antonym
bean	film	IsA
author	person	IsA
happiness	mood	IsA
tobacco	smoke	HasProperty
wheel	car	PartOf
pack	collection	IsA
root	plant	PartOf
vacuum	nothing	HasA
hall	hallway	Synonym
baby	mammal	IsA
letter	document	IsA
computer	mouse	HasA
queen	bitch	IsA
penis	male	PartOf
finger	toe	Antonym
bow	vessel	PartOf
sister	darling	Synonym
fruit	food	IsA
staff	club	Synonym
foyer	place	IsA
earth	element	IsA
door	window	Antonym
fashion	fun	HasProperty
head	brain	HasA
enemy	love	Antonym
religion	ideology	IsA
gold	element	IsA
cigarette	tar	HasA
home	work	Antonym
lake	sea	Antonym
wing	food	IsA
order	class	Synonym
seat	furniture	IsA
gentleman	player	Antonym
mouse	tool	IsA
object	device	IsA
space	place	Synonym
girlfriend	girl	Synonym
example	person	IsA
duck	animal	IsA
bed	plot	IsA
frame	couch	PartOf
blanket	fabric	MadeOf
cat	claw	HasA
study	school	IsA
mood	spirit	Synonym
screen	surface	IsA
room	place	IsA
tent	fabric	MadeOf
room	space	Synonym
time	mystery	IsA
person	bone	HasProperty
food	bread	Synonym
ski	sport	IsA
beam	light	IsA
lid	chest	PartOf
class	recess	Antonym
virus	band	IsA
knowledge	freedom	IsA
finger	thumb	Antonym
bedroom	house	PartOf
floor	carpet	Antonym
person	society	PartOf
hallway	hall	IsA
tail	coin	PartOf
home	house	IsA
library	house	PartOf
sugar	crystal	IsA
size	volume	Synonym
apple	core	HasA
insect	animal	IsA
person	organism	IsA
tv	fun	HasProperty
cookie	cake	IsA
bathtub	bath	Synonym
ham	food	IsA
copy	text	IsA
bolt	thread	HasA
joy	sorrow	Antonym
trade	business	Synonym
everyone	parent	HasA
independence	separation	Synonym
tongue	muscle	IsA
sound	channel	IsA
milk	soda	Antonym
air	molecule	MadeOf
satellite	place	IsA
power	energy	Synonym
darkness	light	Antonym
agreement	contract	Synonym
leg	foot	HasA
chair	seat	IsA
eyeglass	plastic	MadeOf
mortar	cement	MadeOf
disk	information	HasA
water	salt	HasProperty
trunk	car	PartOf
song	music	MadeOf
corn	seed	Antonym
marriage	union	IsA
lung	organ	IsA
part	everything	Antonym
house	community	IsA
comfort	stress	Antonym
sock	wool	MadeOf
monkey	animal	IsA
wife	female	HasProperty
baseball	stitch	HasA
man	animal	IsA
cat	tail	HasA
field	mouse	IsA
memory	experience	MadeOf
world	country	MadeOf
cord	wire	Synonym
salt	sugar	Antonym
mouth	tooth	HasA
growth	film	IsA
pavement	sidewalk	Synonym
captain	soldier	Antonym
taste	vision	Antonym
fitness	magazine	IsA
road	place	IsA
silverware	metal	MadeOf
glass	vessel	IsA
student	professor	Antonym
animal	pain	HasA
birth	life	PartOf
disease	health	Antonym
bathroom	bath	Synonym
pen	tool	IsA
head	nail	PartOf
mammal	leg	HasA
science	magic	Antonym
subject	scene	PartOf
matter	weight	HasA
silver	element	IsA
doctor	study	HasA
alley	street	IsA
heat	race	IsA
balance	scale	IsA
space	volume	Synonym
head	brain	Synonym
tree	wood	MadeOf
morning	day	PartOf
person	eye	HasProperty
shore	beach	HasA
hockey	game	IsA
apple	orange	Antonym
title	crown	Synonym
race	sport	IsA
court	courthouse	Synonym
page	paper	MadeOf
bag	fabric	MadeOf
john	cavity	HasA
cat	paw	HasA
library	book	HasA
boy	sister	Antonym
creation	fun	HasProperty
bit	part	Synonym
tongue	mouth	PartOf
sound	nothing	Antonym
cabinet	furniture	IsA
cushion	sofa	PartOf
finger	touch	IsA
foot	body	PartOf
shade	light	Antonym
husband	spouse	IsA
girl	man	Antonym
salt	crystal	MadeOf
car	train	PartOf
ranch	bedroom	HasA
union	marriage	Synonym
energy	everything	PartOf
wale	country	IsA
line	business	IsA
balance	bias	Antonym
person	hair	HasA
den	desk	HasA
box	book	HasA
bowl	steel	MadeOf
form	shape	Synonym
fish	fun	HasProperty
nation	race	Synonym
bark	branch	PartOf
book	note	Synonym
wife	spouse	Synonym
church	place	IsA
nature	type	IsA
mouth	head	PartOf
tune	lyric	Antonym
farmland	country	IsA
chip	approach	IsA
bird	meat	IsA
baby	child	IsA
hour	minute	Antonym
separation	state	IsA
arm	person	PartOf
fan	film	IsA
person	ear	HasA
slice	part	IsA
crown	hat	PartOf
box	circle	Antonym
work	nothing	Antonym
end	point	IsA
radio	television	Antonym
balloon	rubber	MadeOf
farmland	state	PartOf
line	circle	Antonym
country	town	Antonym
animal	bug	Antonym
actor	film	PartOf
bottle	plastic	MadeOf
family	child	HasA
office	window	HasA
boy	animal	IsA
person	skin	HasA
hill	place	IsA
note	music	PartOf
baseball	sport	IsA
trade	exchange	IsA
car	vehicle	Synonym
window	house	PartOf
sentence	word	MadeOf
string	thread	Synonym
family	group	IsA
lake	surface	HasA
sport	athlete	IsA
plan	step	MadeOf
bathtub	bathroom	PartOf
water	fun	HasProperty
doorway	wall	PartOf
game	competition	IsA
atom	proton	MadeOf
door	house	PartOf
grape	seed	HasA
row	table	PartOf
car	tool	IsA
ice	water	MadeOf
roof	construction	PartOf
payment	charge	Antonym
tooth	body	PartOf
car	part	MadeOf
flash	movie	IsA
history	future	Antonym
soup	water	MadeOf
arch	form	IsA
rock	dirt	Antonym
worker	boss	Antonym
vinyl	plastic	IsA
stream	water	HasA
god	religion	PartOf
city	village	Antonym
computer	virus	HasA
bitch	female	Synonym
bone	foot	PartOf
hair	head	PartOf
action	exercise	Synonym
home	office	Antonym
day	night	Antonym
branch	center	Antonym
member	penis	Synonym
breakfast	dinner	Antonym
hammer	tool	HasProperty
band	ring	Synonym
heart	spirit	Synonym
candy	sugar	HasA
husband	wife	HasA
grass	crop	IsA
glass	eyeglass	PartOf
chicken	foot	HasA
apple	skin	HasA
pavement	surface	Synonym
gas	weight	HasA
computer	keyboard	HasA
penis	flesh	MadeOf
toilet	bathroom	PartOf
land	place	IsA
row	boat	IsA
birthday	funeral	Antonym
television	screen	HasA
baseball	hobby	IsA
surprise	boredom	Antonym
place	rank	IsA
hall	room	Antonym
blood	water	HasA
floor	sky	Antonym
record	information	HasA
head	leader	IsA
paper	metal	Antonym
news	information	IsA
collar	neck	PartOf
waste	rubbish	Synonym
game	objective	HasA
warrior	war	PartOf
everything	molecule	MadeOf
party	group	IsA
desk	table	IsA
divorce	marriage	Antonym
bed	device	IsA
ring	sound	IsA
anchor	vessel	PartOf
house	bedroom	HasA
basketball	sport	IsA
word	phrase	PartOf
mountain	sea	Antonym
grass	plant	IsA
television	entertainment	IsA
earth	space	Antonym
language	speech	Synonym
half	part	IsA
football	sport	IsA
road	pavement	MadeOf
animal	person	Antonym
galaxy	collection	IsA
beach	shore	PartOf
art	creation	Synonym
mine	weapon	IsA
sheep	wolf	Antonym
box	tv	Synonym
child	pet	HasA
ship	vessel	IsA
exercise	work	IsA
mind	heart	Antonym
note	letter	Synonym
factory	place	IsA
forest	place	IsA
link	instruction	IsA
illness	sickness	Synonym
ceiling	room	PartOf
person	group	Antonym
baggage	gear	Synonym
mouth	bottle	PartOf
disease	illness	IsA
pad	finger	PartOf
turkey	food	IsA
index	book	PartOf
string	cord	Synonym
iron	work	IsA
room	chair	HasA
birthday	fun	IsA
bar	business	IsA
eye	nose	Antonym
tv	glass	MadeOf
problem	matter	Synonym
student	class	PartOf
land	sea	Antonym
world	experience	IsA
grave	place	IsA
female	vagina	HasA
bowl	game	IsA
bottle	glass	MadeOf
cake	flour	MadeOf
duck	meat	MadeOf
china	country	IsA
misery	enjoyment	Antonym
performance	test	HasProperty
cotton	crop	IsA
country	government	HasA
door	car	PartOf
line	text	IsA
sky	water	Antonym
entertainment	fun	HasProperty
robot	worker	IsA
star	sun	IsA
gear	car	PartOf
liberty	death	Antonym
poem	lyric	Synonym
heart	organ	PartOf
home	street	Antonym
capital	city	IsA
cave	stone	MadeOf
electron	proton	Antonym
soldier	person	IsA
foot	arm	Antonym
comfort	distress	Antonym
column	temple	PartOf
poison	drug	Antonym
notebook	paper	HasA
theory	fact	Antonym
family	fun	HasProperty
dice	number	HasA
water	oxygen	HasA
bed	bath	Antonym
earth	soil	Synonym
duck	feather	HasA
surprise	change	IsA
goal	purpose	Synonym
geek	person	IsA
rage	action	IsA
stigma	plant	PartOf
house	room	MadeOf
oxygen	water	PartOf
trumpet	horn	IsA
population	person	IsA
head	master	Synonym
tank	container	IsA
calf	leg	PartOf
hair	dog	PartOf
city	forest	Antonym
leaf	root	Antonym
basketball	orange	HasProperty
wolf	animal	IsA
matter	element	MadeOf
car	iron	MadeOf
house	garden	HasA
jack	tool	IsA
chicken	food	IsA
dog	paw	HasA
field	bat	Antonym
plastic	tv	PartOf
game	meat	IsA
string	lace	Synonym
road	sidewalk	Antonym
rock	music	IsA
center	edge	Antonym
lip	nose	Antonym
record	cd	Antonym
body	cell	MadeOf
flesh	peach	PartOf
letter	alphabet	PartOf
object	tool	IsA
japan	country	IsA
enjoyment	pleasure	IsA
light	wave	IsA
jack	child	IsA
action	battle	Synonym
furniture	wood	MadeOf
basket	container	IsA
seed	tree	Antonym
pencil	wood	MadeOf
table	leg	HasA
property	land	Synonym
continent	sea	Antonym
earth	moon	HasA
action	energy	Synonym
plant	root	HasA
object	matter	IsA
bolt	nail	Antonym
woman	mankind	PartOf
sun	magazine	IsA
balloon	air	HasA
subject	sentence	PartOf
apartment	house	IsA
hardware	software	Antonym
frame	bicycle	PartOf
duck	score	IsA
football	game	IsA
silver	silverware	Synonym
penny	copper	MadeOf
head	toe	Antonym
flesh	orange	PartOf
head	animal	PartOf
tune	pitch	IsA
point	spot	Synonym
sheet	paper	IsA
wing	angel	PartOf
disk	plate	IsA
sea	place	IsA
material	idea	Antonym
road	street	Antonym
music	tune	HasA
end	event	PartOf
tax	money	MadeOf
cat	dog	Antonym
cannon	metal	MadeOf
bat	eye	HasA
dance	fun	HasProperty
bath	place	IsA
knowledge	information	Synonym
shop	place	IsA
song	title	HasA
corn	water	HasA
bug	animal	IsA
guitar	wood	MadeOf
clay	soil	MadeOf
water	wood	Antonym
gear	machine	PartOf
game	recreation	Synonym
wave	sound	PartOf
mankind	nature	PartOf
plane	machine	IsA
cloud	weather	PartOf
volume	television	PartOf
happiness	sadness	Antonym
gas	oil	Antonym
ink	pen	PartOf
room	furniture	HasA
mouse	animal	IsA
charm	object	IsA
fur	coat	IsA
freedom	liberty	Synonym
day	light	HasProperty
column	article	IsA
horse	leg	HasA
soda	pop	Synonym
stone	water	Antonym
home	bedroom	HasA
channel	communication	IsA
wall	fence	IsA
door	wood	MadeOf
independence	liberty	Synonym
frost	water	MadeOf
milk	water	Antonym
tank	store	IsA
cheese	food	IsA
baby	love	Synonym
cup	drink	HasA
duck	bird	IsA
picture	movie	Antonym
bee	insect	IsA
comforter	quilt	Synonym
bedroom	place	IsA
leg	toe	Antonym
person	offspring	HasA
magazine	paper	MadeOf
cement	mortar	Antonym
girlfriend	lover	Synonym
river	water	MadeOf
finger	bone	HasA
belt	pound	Synonym
time	everything	IsA
disease	illness	Synonym
pool	group	IsA
democracy	communism	Antonym
car	radio	HasA
dog	hair	HasA
nucleus	cell	PartOf
joy	sadness	Antonym
number	scale	PartOf
job	work	IsA
child	kid	Synonym
bird	animal	IsA
pitcher	player	IsA
diamond	stone	IsA
book	page	HasA
recreation	relaxation	Synonym
continent	country	HasA
magazine	article	HasA
collar	jacket	PartOf
horse	fur	HasA
air	earth	Antonym
party	fun	HasProperty
automobile	radio	HasA
bowl	pipe	PartOf
bicycle	bike	Synonym
bathroom	house	PartOf
cell	organism	PartOf
floor	carpet	HasProperty
violin	wood	MadeOf
stuff	object	IsA
finger	hand	PartOf
fan	follower	IsA
foot	toe	Antonym
gift	object	IsA
food	meat	MadeOf
trash	rubbish	Synonym
paper	article	IsA
school	work	Antonym
chair	sofa	Antonym
sound	light	Antonym
door	knob	HasA
boyfriend	girl	Antonym
house	roof	HasA
ocean	sea	IsA
street	pavement	MadeOf
sadness	unhappiness	IsA
university	college	IsA
politician	leader	IsA
pride	satisfaction	IsA
garbage	waste	Synonym
quilt	fabric	MadeOf
box	food	HasA
prosecution	trial	PartOf
book	information	HasA
theory	fun	HasProperty
reason	fact	IsA
baby	person	IsA
factory	farm	Antonym
weapon	tool	IsA
party	work	Antonym
weapon	war	PartOf
table	floor	Antonym
bowl	wood	MadeOf
bottle	milk	HasA
game	toy	IsA
clay	soil	IsA
night	time	IsA
murder	violence	IsA
spike	shoe	PartOf
group	collection	Synonym
rock	water	Antonym
sex	pleasure	IsA
man	mankind	PartOf
computer	machine	Synonym
ocean	place	IsA
ceiling	wall	Antonym
hockey	sport	IsA
animal	eye	HasA
column	article	Synonym
bus	window	HasA
apple	computer	IsA
bicycle	metal	MadeOf
charge	credit	Antonym
letter	text	IsA
pit	hole	IsA
beer	alcohol	IsA
study	house	PartOf
metal	rock	Antonym
toe	foot	PartOf
column	table	PartOf
bone	blood	Antonym
proton	atom	PartOf
beam	smile	Synonym
metal	stone	Antonym
divorce	separation	IsA
cube	dice	Synonym
flower	gift	IsA
star	planet	IsA
news	history	Antonym
cat	fur	HasA
channel	tv	PartOf
death	end	IsA
heart	muscle	MadeOf
beer	alcohol	HasA
castle	stone	MadeOf
oil	vinegar	Antonym
heart	courage	IsA
dog	hair	MadeOf
man	woman	Antonym
vegetable	plant	IsA
cookie	flour	MadeOf
mistake	life	PartOf
friend	girlfriend	Synonym
word	language	PartOf
man	adult	HasProperty
home	house	Synonym
stairway	step	HasA
everybody	nobody	Antonym
object	plastic	MadeOf
hotel	business	IsA
alcohol	water	Antonym
wheel	motorcycle	PartOf
earth	sky	Antonym
plane	wing	HasA
order	law	Synonym
coffee	sugar	HasA
sun	star	HasProperty
figure	text	PartOf
gas	water	Antonym
keyboard	plastic	MadeOf
card	paper	Antonym
world	water	HasProperty
train	transportation	IsA
tide	flow	Synonym
book	interest	HasProperty
screw	ship	PartOf
pattern	plan	Synonym
wall	cave	PartOf
seed	fruit	PartOf
water	sea	PartOf
bird	egg	HasA
vision	experience	IsA
trouble	pain	Synonym
music	sound	MadeOf
property	object	IsA
jacket	coat	Synonym
river	stream	IsA
bark	tree	PartOf
dart	game	IsA
mug	dish	IsA
ring	gold	MadeOf
point	sword	PartOf
plate	glass	MadeOf
bolt	door	PartOf
electron	atom	PartOf
wing	animal	PartOf
life	experience	Synonym
car	wagon	Synonym
finger	foot	Antonym
boy	child	IsA
student	teacher	Antonym
desk	steel	MadeOf
bread	flour	MadeOf
class	society	PartOf
minister	government	PartOf
heat	energy	IsA
cigarette	poison	HasA
gold	silver	Antonym
neutron	atom	PartOf
boat	ship	Synonym
fire	temperature	HasA
page	text	HasA
dance	sport	IsA
book	fun	HasProperty
star	galaxy	PartOf
sand	stone	Antonym
floor	roof	Antonym
rubber	plant	MadeOf
action	event	IsA
silver	brass	Antonym
market	shop	IsA
city	country	Antonym
cigarette	tobacco	HasA
turkey	animal	IsA
pad	paw	PartOf
grass	weed	Antonym
drink	meal	PartOf
tank	machine	IsA
bin	trash	Synonym
dice	cube	IsA
tree	bush	Antonym
rabbit	meat	IsA
desk	drawer	HasA
dream	event	IsA
girl	fun	HasA
crop	harvest	Synonym
plan	business	IsA
trust	faith	PartOf
box	seat	IsA
water	food	Antonym
nonsense	rubbish	Synonym
mankind	humanity	MadeOf
problem	question	IsA
history	record	IsA
case	argument	IsA
storm	gas	IsA
ocean	tide	HasA
cell	organ	Antonym
stigma	prejudice	MadeOf
lion	cat	IsA
camp	fun	HasProperty
trumpet	brass	IsA
head	bolt	PartOf
kitten	fur	HasA
book	sentence	HasA
house	yard	HasA
chest	box	IsA
residence	place	IsA
animal	plant	Antonym
line	row	Synonym
exercise	event	IsA
edge	hem	Synonym
basketball	fun	HasProperty
heart	organ	IsA
drink	alcohol	Synonym
purpose	object	Synonym
war	hostility	Synonym
mountain	landscape	PartOf
god	church	PartOf
home	furniture	HasA
scene	drama	IsA
head	coin	PartOf
bedroom	floor	HasA
minute	degree	PartOf
leg	trouser	PartOf
bird	claw	HasA
middle	center	Synonym
snow	weather	PartOf
shell	egg	PartOf
student	person	IsA
function	purpose	Synonym
vehicle	wheel	HasA
lake	pond	Antonym
pleasure	happiness	Synonym
wife	child	HasA
apple	tree	IsA
bike	wheel	HasA
hand	paw	Synonym
dive	sport	IsA
family	order	PartOf
horse	foot	HasA
horseshoe	game	IsA
tooth	bone	IsA
professor	job	IsA
enjoyment	happiness	Synonym
iron	tool	IsA
competition	sport	PartOf
disgust	emotion	IsA
steam	anger	IsA
man	person	IsA
pain	enjoyment	Antonym
foyer	lobby	Synonym
stage	scene	IsA
minute	hour	PartOf
curve	line	IsA
horn	car	PartOf
wine	fruit	MadeOf
form	word	IsA
sand	ocean	Antonym
flash	light	IsA
minister	work	IsA
order	instruction	Synonym
song	album	PartOf
cake	food	IsA
pant	trouser	Synonym
nick	person	IsA
contact	touch	Synonym
volcano	place	IsA
cat	ear	HasA
beak	bird	PartOf
trouble	sorrow	Synonym
wood	rock	Antonym
cube	number	IsA
sunshine	night	Antonym
room	house	PartOf
rain	sunshine	Antonym
pitcher	clay	MadeOf
division	union	Antonym
tree	plant	IsA
ring	plant	PartOf
bird	wing	HasA
place	spot	Synonym
toilet	room	IsA
property	culture	PartOf
home	comfort	IsA
intersection	road	PartOf
sidewalk	street	PartOf
darling	lover	IsA
family	descendant	HasA
wing	feather	HasA
copper	mineral	IsA
hostility	peace	Antonym
bridge	nose	PartOf
earth	universe	PartOf
father	parent	IsA
wheel	vehicle	PartOf
steel	business	IsA
frog	nose	HasA
skateboard	sport	IsA
detail	fact	IsA
boyfriend	girlfriend	Antonym
man	nature	PartOf
wind	air	MadeOf
dessert	food	IsA
pit	depression	IsA
conclusion	address	PartOf
date	point	IsA
river	sea	Antonym
basement	place	IsA
battle	peace	Antonym
pot	clay	MadeOf
duck	bill	HasA
math	subject	IsA
commerce	trade	Synonym
paper	wood	MadeOf
hockey	hobby	IsA
room	home	IsA
pin	leg	IsA
pupil	follower	Synonym
food	meat	Synonym
person	illness	HasA
iron	copper	Antonym
bow	fun	HasProperty
group	individual	Antonym
dog	tooth	HasA
feather	light	IsA
street	road	IsA
power	weight	Synonym
law	rule	IsA
apartment	door	HasA
party	boredom	Antonym
house	room	HasA
death	war	PartOf
street	sidewalk	Antonym
wine	alcohol	HasA
beach	shore	IsA
practice	trial	Synonym
stage	screen	Antonym
butter	milk	MadeOf
country	state	HasA
cat	muscle	HasA
service	function	IsA
cat	kitten	HasA
store	business	IsA
title	book	PartOf
water	ice	Antonym
stone	wood	Antonym
seed	plant	Antonym
pleasure	unhappiness	Antonym
chair	table	Antonym
book	knowledge	IsA
death	change	IsA
gentleman	person	IsA
market	industry	IsA
action	conflict	Synonym
word	number	Antonym
food	fun	HasProperty
muscle	cell	MadeOf
marriage	family	IsA
world	water	HasA
religion	culture	PartOf
study	education	PartOf
couch	seat	IsA
nail	metal	MadeOf
supermarket	place	IsA
car	metal	MadeOf
person	race	Synonym
fog	cloud	Synonym
part	member	Synonym
game	sport	Synonym
book	idea	HasA
belt	machine	PartOf
person	male	HasProperty
cow	bull	Antonym
air	atmosphere	Synonym
son	sister	Antonym
garden	yard	IsA
heel	end	IsA
baby	smile	HasProperty
time	change	HasProperty
dart	sport	IsA
step	stairway	Synonym
air	gas	IsA
female	woman	Synonym
heart	courage	Synonym
person	muscle	HasA
pain	comfort	Antonym
lease	contract	IsA
mall	place	IsA
heel	toe	Antonym
person	belief	HasA
book	library	PartOf
water	fluid	IsA
earth	land	Synonym
field	forest	Antonym
house	audience	IsA
music	sound	HasProperty
beach	place	IsA
nature	life	HasA
shit	disgust	HasProperty
star	shape	IsA
party	study	Antonym
bedroom	bed	HasA
school	education	IsA
exchange	commerce	IsA
cat	nose	HasA
kitten	puppy	Antonym
lot	plot	Synonym
frog	nature	PartOf
dice	game	IsA
ear	head	PartOf
change	cash	IsA
relief	comfort	Synonym
flock	bird	MadeOf
container	object	IsA
knowledge	power	HasProperty
column	row	Antonym
atmosphere	sky	PartOf
article	news	HasA
everything	matter	MadeOf
rooster	bird	HasProperty
crop	plant	IsA
john	man	Synonym
night	light	Antonym
meat	animal	MadeOf
love	lover	Synonym
house	stone	MadeOf
math	interest	HasProperty
heel	leg	PartOf
mood	emotion	Synonym
work	fun	Antonym
ideology	organization	PartOf
beef	food	IsA
part	ingredient	Synonym
roof	house	PartOf
hardware	computer	PartOf
grape	sugar	HasA
fish	food	IsA
bomb	metal	MadeOf
rain	water	IsA
beach	sand	HasA
dog	mammal	IsA
aisle	seat	Antonym
heart	love	Synonym
sock	thread	MadeOf
girl	kid	IsA
cabinet	container	IsA
author	writer	Synonym
cabinet	steel	MadeOf
movie	end	HasA
rice	grain	IsA
idol	image	Synonym
woman	baby	HasA
sky	ocean	Antonym
fever	temperature	Synonym
wheel	part	IsA
map	plan	IsA
stripe	band	Synonym
contact	touch	IsA
bedroom	kitchen	Antonym
cup	coffee	HasA
pain	relief	Antonym
gild	order	Synonym
subject	matter	Synonym
cavity	body	PartOf
snow	fire	Antonym
fog	steam	Synonym
bolt	nut	Antonym
head	object	IsA
fashion	practice	IsA
pop	business	IsA
eraser	rubber	Synonym
bread	meat	Antonym
paw	foot	Synonym
work	practice	Synonym
soap	object	IsA
fruit	water	HasA
order	rank	Synonym
match	light	IsA
bird	feather	HasProperty
world	place	IsA
fish	gold	HasProperty
word	speech	IsA
window	bus	PartOf
skin	grape	PartOf
bit	drill	PartOf
death	illness	IsA
friendship	enemy	Antonym
fact	album	IsA
grape	wine	PartOf
wire	tv	PartOf
fire	ice	Antonym
lady	man	Antonym
purpose	reason	Synonym
sex	life	PartOf
person	water	MadeOf
art	hobby	IsA
ball	plastic	MadeOf
mountain	desert	Antonym
wagon	wood	MadeOf
breast	chest	Synonym
bull	male	HasProperty
frame	window	PartOf
light	energy	MadeOf
court	residence	IsA
newspaper	light	HasProperty
earth	fun	HasProperty
trash	waste	IsA
affair	spouse	Antonym
water	utility	IsA
library	collection	IsA
energy	matter	Antonym
arithmetic	math	IsA
cat	mammal	HasProperty
person	emotion	HasA
range	scale	IsA
bomb	war	PartOf
bin	container	Synonym
chair	plastic	MadeOf
air	land	Antonym
frog	meat	MadeOf
son	family	PartOf
trouble	fortune	Antonym
belt	speed	Synonym
music	song	PartOf
purpose	plan	Synonym
vessel	container	Synonym
violence	action	IsA
friend	fun	HasProperty
music	mood	HasA
boyfriend	male	Synonym
illusion	magic	PartOf
kingdom	group	IsA
earth	object	IsA
hill	pit	Antonym
box	object	HasA
humility	emotion	IsA
sky	sea	Antonym
charm	boredom	Antonym
foyer	room	IsA
queen	insect	IsA
hand	finger	HasA
window	doorway	IsA
tail	cat	PartOf
relaxation	recreation	PartOf
coin	note	Antonym
warren	place	IsA
enjoyment	fun	Synonym
bull	female	Antonym
bank	work	IsA
fisherman	person	IsA
type	class	Synonym
line	cord	Synonym
trouble	life	PartOf
music	charm	HasA
article	information	MadeOf
neck	guitar	PartOf
sound	magazine	IsA
order	rule	Synonym
bowl	glass	MadeOf
lens	eyeglass	PartOf
person	shape	HasProperty
book	text	HasA
guitar	string	HasA
job	work	Synonym
child	boy	Synonym
cup	plastic	MadeOf
wave	curve	IsA
money	value	HasProperty
statue	art	IsA
automobile	trunk	HasA
sheet	page	Synonym
coach	teacher	IsA
theory	belief	IsA
man	wife	Antonym
authority	book	IsA
bridge	stone	MadeOf
book	volume	Synonym
foot	yard	PartOf
earth	dirt	HasProperty
bowl	aluminium	MadeOf
meat	food	IsA
time	experience	IsA
bridge	game	IsA
sand	beach	Synonym
arm	body	PartOf
bed	sofa	Antonym
person	something	HasA
branch	division	IsA
sight	spot	Synonym
poison	drug	IsA
contact	lens	IsA
part	character	Synonym
loneliness	emotion	MadeOf
pain	war	PartOf
house	tv	HasA
gear	wheel	IsA
account	record	Synonym
dog	bitch	Antonym
crown	tooth	PartOf
jar	clay	MadeOf
food	life	PartOf
poop	disgust	HasProperty
magazine	page	HasA
tree	root	HasA
desert	earth	PartOf
family	business	IsA
tea	meal	IsA
air	weight	HasA
gear	device	IsA
blade	fan	PartOf
john	son	Synonym
hand	foot	Antonym
part	division	Synonym
blade	sword	PartOf
ice	cake	PartOf
puppy	love	HasProperty
order	state	IsA
chicken	egg	Antonym
account	score	Synonym
sound	wave	IsA
sound	note	Synonym
theory	law	Antonym
adventure	nothing	Antonym
lake	river	Antonym
bull	cattle	IsA
heel	shoe	PartOf
game	fun	HasProperty
end	state	IsA
button	coat	PartOf
hat	fun	HasProperty
confusion	peace	Antonym
device	design	IsA
movement	change	IsA
girl	son	Antonym
toast	bread	IsA
crowd	group	Synonym
plane	tail	HasA
offspring	parent	Antonym
ice	crystal	IsA
dart	action	IsA
wood	material	IsA
nucleus	oxygen	PartOf
orange	food	IsA
game	fun	IsA
drum	oil	HasA
monkey	nose	HasA
terror	person	IsA
wire	copper	MadeOf
knob	control	IsA
object	metal	MadeOf
galaxy	universe	PartOf
skeleton	bone	MadeOf
car	traffic	PartOf
father	son	Antonym
policeman	job	IsA
bird	fish	Antonym
part	hair	PartOf
garden	hobby	IsA
coward	chicken	Synonym
mailbox	mail	HasA
baby	girl	IsA
sea	desert	Antonym
table	plate	Antonym
honesty	integrity	PartOf
department	university	PartOf
cell	freedom	Antonym
gate	wall	Antonym
spine	skeleton	PartOf
steak	beef	MadeOf
closet	room	IsA
jacket	coat	IsA
friend	family	Antonym
conflict	agreement	Antonym
growth	object	IsA
fence	metal	MadeOf
answer	statement	IsA
industry	place	IsA
bedroom	room	IsA
bird	worm	Antonym
sadness	life	PartOf
male	person	IsA
driver	film	IsA
planet	world	IsA
spot	stripe	Antonym
language	word	HasA
fish	mammal	Antonym
separation	marriage	Antonym
chicken	rooster	Synonym
tile	roof	PartOf
bathroom	bath	HasA
glass	window	PartOf
store	memory	Synonym
angel	person	IsA
image	picture	IsA
hockey	ice	HasProperty
shade	sun	Antonym
alcohol	fun	HasProperty
master	person	IsA
wedding	fun	IsA
female	male	Antonym
race	fun	HasProperty
artist	person	IsA
ear	wax	HasA
school	place	IsA
dog	nose	HasA
bird	feather	HasA
bread	butter	Antonym
individual	organism	IsA
flesh	plant	PartOf
test	practice	Antonym
bridge	wood	MadeOf
taste	sight	Antonym
computer	screen	HasA
control	test	IsA
road	traffic	HasA
edge	sword	PartOf
oxygen	gas	IsA
language	tongue	Synonym
computer	fun	HasProperty
book	page	PartOf
party	fun	IsA
size	property	IsA
rest	peace	Synonym
girlfriend	female	Synonym
tv	plastic	MadeOf
sunset	hour	IsA
balloon	rubber	HasProperty
moon	sun	Antonym
thread	needle	Antonym
cotton	wool	Antonym
capital	character	IsA
letter	paper	MadeOf
map	plan	Synonym
drill	device	IsA
information	book	PartOf
cannon	tank	PartOf
kettle	copper	MadeOf
coach	person	IsA
cancer	illness	IsA
window	glass	MadeOf
dollar	money	IsA
card	paper	MadeOf
triangle	instrument	IsA
staff	pole	Synonym
baby	family	PartOf
doctor	person	IsA
kite	tail	HasA
lunch	meal	IsA
head	penis	PartOf
spike	device	IsA
bin	container	IsA
arch	bridge	PartOf
quality	degree	IsA
pot	cannabis	IsA
cannabis	weed	Synonym
house	window	HasA
automobile	car	Synonym
person	humanity	PartOf
body	bone	HasA
snow	sun	Antonym
island	place	IsA
male	animal	IsA
loneliness	emotion	IsA
dinner	meal	IsA
touch	sight	Antonym
word	letter	HasA
purpose	matter	Synonym
house	kitchen	HasA
clock	time	Synonym
heel	boot	PartOf
garden	house	Antonym
song	lyric	MadeOf
person	friend	HasA
everyone	standard	HasA
apartment	kitchen	HasA
basketball	game	IsA
coffee	tree	IsA
pitcher	vessel	IsA
part	element	Synonym
kid	person	IsA
angel	wing	HasA
husband	family	PartOf
matter	stuff	Synonym
cat	friend	IsA
library	room	IsA
network	news	HasA
bicycle	seat	HasA
company	business	Synonym
death	state	IsA
chapter	text	PartOf
friend	lover	Antonym
nation	country	IsA
woman	job	HasA
cloud	water	HasA
darkness	scene	IsA
purpose	end	Synonym
piece	collection	PartOf
chicken	duck	Antonym
priest	clergyman	IsA
star	planet	Antonym
adventure	game	IsA
animal	muscle	HasA
son	parent	Antonym
committee	individual	Antonym
roof	truck	PartOf
filter	cigarette	PartOf
fish	sport	IsA
quilt	blanket	IsA
residence	house	IsA
branch	tree	PartOf
boy	penis	HasA
eye	head	PartOf
nation	population	Synonym
lake	water	MadeOf
player	person	IsA
screen	tv	PartOf
house	street	PartOf
book	collection	IsA
machine	person	Antonym
crop	collection	IsA
world	continent	MadeOf
diamond	crystal	IsA
cow	sex	HasA
keyboard	terminal	PartOf
jury	person	MadeOf
flesh	grape	PartOf
sugar	juice	PartOf
hand	finger	Antonym
agreement	statement	IsA
soup	meat	Antonym
element	weather	IsA
typewriter	ribbon	HasA
brake	car	PartOf
tribe	nation	IsA
freedom	dream	IsA
army	navy	Antonym
performance	action	IsA
potato	plant	IsA
parent	family	PartOf
school	fun	HasProperty
bowl	plate	Antonym
spike	point	IsA
beer	water	HasA
table	text	PartOf
fear	love	Antonym
elephant	trunk	HasA
ignorance	content	IsA
brain	person	PartOf
tax	bill	IsA
labor	worker	Synonym
mouse	computer	PartOf
horse	donkey	Antonym
cord	trouser	IsA
object	article	Synonym
crowd	individual	Antonym
feather	bird	PartOf
side	center	Antonym
car	machine	IsA
son	person	IsA
coffee	tea	Antonym
candy	sugar	MadeOf
ship	captain	HasA
pleasure	joy	Synonym
ear	corn	PartOf
sorrow	unhappiness	IsA
bacon	ham	Synonym
link	chain	PartOf
knife	blade	Synonym
bird	pet	IsA
peace	war	Antonym
sun	planet	Antonym
telephone	device	IsA
world	continent	HasA
book	film	Antonym
automobile	steel	MadeOf
ranch	horse	HasA
newspaper	rag	Synonym
song	poem	IsA
river	water	HasA
offspring	father	Antonym
chest	trunk	Synonym
brain	organ	IsA
sport	club	IsA
work	hobby	Antonym
earth	moon	Antonym
country	border	HasA
fish	tail	HasA
jacket	potato	PartOf
light	knowledge	Synonym
object	wood	MadeOf
book	magazine	IsA
book	movie	Antonym
organism	cell	MadeOf
rock	stone	Synonym
mind	person	PartOf
terminal	place	IsA
cattle	cow	Synonym
police	law	Synonym
lot	crowd	Synonym
poison	food	Antonym
pencil	graphite	MadeOf
head	word	IsA
seat	bicycle	PartOf
smoke	cloud	IsA
liberty	freedom	IsA
paw	claw	HasA
bag	plastic	MadeOf
atom	neutron	MadeOf
woman	breast	HasA
plan	idea	IsA
recreation	fun	HasProperty
paper	rock	Antonym
pupil	class	PartOf
circle	disk	Synonym
hay	corn	Antonym
bone	skeleton	PartOf
rest	death	IsA
belt	circle	Synonym
clip	gun	PartOf
earth	water	HasProperty
bias	prejudice	IsA
field	pitch	Synonym
iron	steel	Antonym
submarine	place	IsA
pet	animal	IsA
health	death	Antonym
iron	device	IsA
network	fun	HasProperty
newspaper	column	HasA
feather	light	HasProperty
razor	metal	MadeOf
problem	challenge	Synonym
cloth	material	Synonym
friend	person	HasProperty
person	soul	HasA
violin	string	HasA
cloud	sunshine	Antonym
math	fun	HasProperty
ghost	soul	Synonym
football	ball	Synonym
body	spirit	Antonym
aeroplane	seat	HasA
music	sound	IsA
image	picture	Synonym
alcohol	drug	IsA
air	oxygen	MadeOf
instruction	code	IsA
kitten	animal	IsA
page	record	Synonym
tape	strip	IsA
paper	tree	MadeOf
person	parent	HasA
answer	problem	Antonym
cheese	hole	HasA
picture	movie	Synonym
kitten	flesh	MadeOf
desk	wood	MadeOf
pot	flower	HasA
waterfall	river	PartOf
balloon	rubber	IsA
book	paper	IsA
orange	seed	HasA
independence	freedom	Synonym
car	window	HasA
root	trunk	Antonym
rain	oxygen	HasA
molecule	atom	MadeOf
boss	demand	HasProperty
cord	fabric	IsA
brain	head	PartOf
apple	juice	HasA
lace	shoe	PartOf
seed	fruit	IsA
care	word	IsA
thumb	finger	IsA
ball	sport	IsA
kid	offspring	IsA
state	city	HasA
pain	illness	IsA
love	darling	Synonym
house	light	HasA
beef	cattle	PartOf
everybody	body	HasA
leg	body	PartOf
nature	industry	Antonym
design	pattern	Synonym
parent	organism	IsA
crystal	rock	IsA
universe	content	IsA
priest	person	IsA
iron	element	IsA
disease	sickness	Synonym
game	recreation	IsA
labor	birth	IsA
bone	flesh	Antonym
alphabet	number	Antonym
boss	leader	Synonym
toilet	john	Synonym
rest	action	Antonym
bird	eye	HasA
pen	ink	HasA
hammer	metal	MadeOf
date	day	IsA
population	person	Antonym
book	object	IsA
battle	conflict	Synonym
lamp	light	IsA
university	place	IsA
money	value	HasA
fire	element	IsA
mistake	right	Antonym
crowd	loneliness	Antonym
approach	advance	Synonym
warrior	person	IsA
eraser	rubber	MadeOf
wine	alcohol	IsA
information	democracy	IsA
computer	software	HasA
heart	shape	IsA
class	person	IsA
power	control	Synonym
machine	man	Antonym
trash	waste	Synonym
communism	government	IsA
bar	goal	PartOf
alley	aisle	Synonym
mammal	breast	HasA
heart	affection	Synonym
balance	prejudice	Antonym
sound	touch	Antonym
female	person	IsA
son	male	HasProperty
tower	place	IsA
athlete	person	IsA
birthday	death	Antonym
television	tv	Synonym
earth	sun	Antonym
spine	body	PartOf
wool	material	IsA
temperature	weather	PartOf
mountain	peak	HasA
page	chapter	Antonym
pin	point	HasA
pot	water	HasA
mankind	animal	Antonym
court	courthouse	PartOf
culture	growth	IsA
ear	eye	Antonym
wool	fur	Antonym
gun	cannon	Synonym
sea	beach	Antonym
dinner	party	IsA
jar	pot	Synonym
country	population	HasA
medicine	drug	IsA
floor	cave	PartOf
judge	person	IsA
door	doorway	Synonym
end	middle	Antonym
ghost	spirit	Synonym
uncle	male	HasProperty
creativity	magazine	IsA
trunk	tree	PartOf
fabric	wool	MadeOf
dirt	material	IsA
surface	material	MadeOf
test	experiment	Synonym
kingdom	country	IsA
action	work	IsA
world	life	HasA
salad	food	IsA
science	interest	HasProperty
fog	weather	IsA
team	group	IsA
anger	love	Antonym
fabric	thread	MadeOf
body	soul	Antonym
life	soul	Synonym
newspaper	paper	MadeOf
bar	court	PartOf
trust	honesty	MadeOf
cow	female	HasProperty
fashion	taste	Antonym
book	word	HasA
game	entertainment	Synonym
lens	eye	PartOf
juice	word	IsA
city	town	Synonym
earth	clay	Synonym
oxygen	molecule	IsA
bull	male	Synonym
scene	movie	PartOf
steam	water	Antonym
person	faith	HasProperty
water	place	IsA
employee	person	IsA
crowd	desert	Antonym
cup	shape	IsA
whale	bone	HasA
bike	motorcycle	Synonym
energy	electron	MadeOf
yarn	wool	MadeOf
kitten	cat	IsA
belief	fact	Antonym
flower	bush	PartOf
potato	plant	PartOf
harvest	farm	PartOf
girl	female	HasProperty
door	automobile	PartOf
tool	work	IsA
jack	metal	MadeOf
japan	island	IsA
aisle	store	PartOf
person	sex	HasA
milk	energy	HasA
action	plot	Synonym
father	family	PartOf
reward	fee	Antonym
chair	stool	Synonym
factory	window	HasA
reward	payment	IsA
balloon	gas	HasA
land	sky	Antonym
person	woman	IsA
music	recreation	PartOf
wall	house	PartOf
disease	sickness	HasProperty
ram	pack	Synonym
integrity	purity	Synonym
cake	egg	MadeOf
team	individual	Antonym
jail	place	IsA
end	part	IsA
separation	union	Antonym
rabbit	fur	HasA
hair	mammal	PartOf
home	school	Antonym
husband	family	IsA
cheese	milk	MadeOf
ghost	spirit	IsA
home	vacation	Antonym
basketball	sport	HasProperty
dog	bone	HasA
copper	penny	IsA
trial	experiment	IsA
bin	plastic	MadeOf
employee	worker	IsA
arch	wall	PartOf
slice	orange	PartOf
fireplace	fire	HasA
part	side	Synonym
wine	beer	Antonym
computer	hardware	MadeOf
communism	ideology	IsA
son	child	IsA
seed	orange	PartOf
tree	forest	PartOf
city	shop	HasA
fan	machine	IsA
bias	prejudice	Synonym
ball	baseball	IsA
radio	tv	Antonym
group	band	Synonym
chair	desk	Antonym
beauty	person	IsA
happiness	emotion	IsA
trunk	baggage	IsA
wave	water	HasProperty
test	challenge	Synonym
lid	jar	PartOf
courthouse	room	HasA
blade	knife	PartOf
fear	trust	Antonym
bank	coin	HasA
accident	plan	Antonym
metal	music	IsA
accident	error	IsA
everyone	value	HasA
brook	water	MadeOf
chicken	turkey	Antonym
chicken	vegetable	Antonym
touch	contact	HasProperty
baby	adult	Antonym
moon	crater	HasA
movement	action	IsA
earth	atmosphere	HasA
chicken	beef	Antonym
couch	sofa	IsA
phone	telephone	Synonym
nut	bolt	PartOf
body	organ	HasA
foyer	house	PartOf
puppy	dog	IsA
life	fun	HasProperty
boyfriend	lover	Synonym
adventure	boredom	Antonym
mouth	lip	HasA
triangle	figure	IsA
pen	plastic	MadeOf
rest	place	Synonym
orange	fruit	IsA
life	energy	HasProperty
tool	metal	MadeOf
image	figure	Synonym
garden	desert	Antonym
boy	male	HasProperty
beak	mouth	IsA
tail	organ	IsA
sorrow	life	PartOf
pop	sound	IsA
moon	satellite	Synonym
boot	hoof	Synonym
dragon	scale	MadeOf
column	newspaper	PartOf
action	prosecution	Synonym
bridge	guitar	PartOf
civilization	order	Synonym
juice	fruit	MadeOf
minister	cabinet	PartOf
sadness	emotion	IsA
night	sunset	Synonym
knife	silver	MadeOf
cat	hair	HasA
patient	person	IsA
soup	food	IsA
root	growth	IsA
honesty	integrity	Synonym
car	seat	HasA
lens	glass	MadeOf
war	violence	IsA
society	individual	Antonym
disease	problem	HasProperty
room	window	HasA
material	fabric	Synonym
voice	instrument	IsA
line	letter	PartOf
joy	unhappiness	Antonym
crowd	person	Antonym
south	place	IsA
coward	person	IsA
customer	worker	Antonym
land	earth	PartOf
chip	food	IsA
plant	action	IsA
flower	weed	Antonym
north	west	Antonym
home	residence	Synonym
profit	benefit	Antonym
action	performance	Synonym
dog	animal	IsA
dog	fur	MadeOf
uncle	family	PartOf
mind	mood	Synonym
woman	vagina	HasA
salt	vinegar	Antonym
enemy	friend	Antonym
sex	class	IsA
machine	instrument	Synonym
transportation	commerce	PartOf
screen	television	PartOf
state	country	PartOf
animal	organism	IsA
computer	machine	HasProperty
cd	music	HasA
heel	sock	PartOf
seat	trouser	PartOf
person	fisherman	HasProperty
book	author	HasA
waste	material	IsA
benefit	payment	IsA
level	crook	Antonym
art	science	Antonym
kid	adult	Antonym
head	ram	PartOf
pad	cotton	MadeOf
respect	disgust	Antonym
skin	film	Synonym
globe	ball	IsA
city	farm	Antonym
coat	mammal	PartOf
address	letter	PartOf
satisfaction	payment	IsA
submarine	boat	IsA
space	time	Antonym
world	ocean	HasA
department	division	IsA
flow	movement	IsA
nature	man	Antonym
closet	door	HasA
hobby	job	Antonym
mouse	fur	HasA
integrity	character	PartOf
object	person	Antonym
balance	account	Synonym
crop	weed	Antonym
bird	tail	HasA
cord	telephone	PartOf
female	sex	IsA
fireplace	chimney	HasA
fan	blade	HasA
floor	wood	MadeOf
lady	woman	IsA
ram	sheep	IsA
ceiling	hallway	PartOf
letter	spell	PartOf
skin	peach	PartOf
world	mountain	HasA
cabinet	door	HasA
father	male	HasProperty
sofa	leg	HasA
game	rule	HasA
deck	ship	PartOf
kind	type	Synonym
balloon	sport	IsA
column	text	IsA
computer	metal	MadeOf
price	value	IsA
machine	tool	Synonym
stigma	ignorance	MadeOf
work	leisure	Antonym
exercise	train	IsA
lace	fabric	IsA
shirt	stripe	HasProperty
letter	mail	PartOf
balance	scale	Synonym
bat	stuff	IsA
egg	shell	HasA
film	movie	Synonym
dish	plate	Synonym
tile	clay	MadeOf
article	newspaper	PartOf
chair	wood	MadeOf
chain	machine	PartOf
idol	star	IsA
bag	baggage	Synonym
wind	weather	IsA
water	desert	Antonym
milk	drink	IsA
spring	season	IsA
trade	store	Antonym
atmosphere	mood	Synonym
court	room	IsA
marijuana	fun	HasProperty
garden	wall	HasA
frame	rack	Synonym
branch	root	Antonym
lion	pride	PartOf
wall	brick	MadeOf
account	statement	Synonym
horn	gold	HasProperty
brain	head	IsA
error	mistake	Synonym
smile	happiness	MadeOf
lace	cloth	IsA
soldier	war	PartOf
world	atmosphere	HasA
forest	nature	PartOf
accident	event	Synonym
child	girl	Synonym
town	shop	HasA
city	place	IsA
house	tent	Antonym
fun	pleasure	Synonym
trade	commerce	IsA
phone	tool	IsA
dirt	soil	Synonym
adventure	action	IsA
rubbish	waste	IsA
computer	machine	IsA
bed	surface	IsA
cake	egg	HasA
baseball	action	IsA
crime	book	IsA
test	answer	Antonym
cannabis	grass	Synonym
health	illness	Antonym
box	gift	HasA
boredom	fun	Antonym
fruit	sugar	HasA
leg	dog	PartOf
park	mountain	HasA
case	doorway	PartOf
shoe	sock	Antonym
pant	trouser	IsA
ball	event	IsA
practice	theory	Antonym
news	newspaper	PartOf
city	country	PartOf
toy	fun	HasProperty
home	tent	IsA
passageway	hallway	Synonym
boss	employee	Antonym
benefit	punishment	Antonym
love	emotion	IsA
trust	belief	Synonym
wedding	fun	HasProperty
rank	line	IsA
heart	body	PartOf
coin	bill	Antonym
matter	molecule	MadeOf
trip	vacation	Antonym
car	aluminium	MadeOf
steam	water	HasProperty
organization	person	MadeOf
skin	surface	IsA
voice	sound	IsA
vacation	leisure	IsA
core	place	IsA
bat	wing	HasA
credit	payment	IsA
cannabis	plant	IsA
drink	fluid	HasProperty
chest	person	PartOf
pillow	feather	MadeOf
tooth	gum	Antonym
middle	part	IsA
mammal	cat	IsA
temple	castle	IsA
herd	crowd	IsA
kitchen	place	IsA
information	newspaper	PartOf
touch	vision	Antonym
captain	follower	Antonym
dog	pet	IsA
faith	trust	Synonym
puppy	animal	IsA
glass	metal	Antonym
rock	mineral	MadeOf
humanity	animal	Antonym
pen	object	IsA
football	fun	HasProperty
lake	fluid	HasA
wheel	bicycle	PartOf
lot	collection	Synonym
pillow	bed	PartOf
horse	eye	HasA
chain	bicycle	PartOf
commerce	traffic	Synonym
steel	iron	MadeOf
idea	image	Synonym
string	kite	PartOf
happiness	joy	Synonym
bedroom	window	HasA
circle	curve	Synonym
part	organ	Synonym
fun	life	PartOf
police	person	IsA
gold	metal	IsA
